"Tag","view"
"java","416021000"
"string","62525000"
"arrays","32898000"
"collections","32689000"
"android","18748000"
"date","16631000"
"list","15573000"
"arraylist","14396000"
"file-io","14200000"
"java-8","13500000"
"type-conversion","12768000"
"integer","12729000"
"io","12548000"
"dictionary","10910000"
"eclipse","10492000"
"hashmap","10098000"
"iteration","9980000"
"random","9420000"
"initialization","9348000"
"json","9184000"
"spring","8893000"
"maven","8634000"
"loops","8338000"
"split","7929000"
"jvm","7763000"
"file","7360000"
"generics","6985000"
"mockito","6933000"
"program-entry-point","6920000"
"unit-testing","6884000"
"junit","6848000"
"hibernate","6681000"
"text-files","6600000"
"reflection","5841000"
"methods","5804000"
"exception","5792000"
"java-stream","5762000"
"datetime","5664000"
"performance","5540000"
"macos","5372000"
"equality","5282000"
"parsing","4960000"
"sorting","4930000"
"class","4880000"
"enums","4823000"
"jackson","4806000"
"multithreading","4790000"
"intellij-idea","4752000"
"time","4630000"
"mocking","4629000"
"annotations","4578000"
"inputstream","4568000"
"parameters","4500000"
"jar","4371000"
"formatting","4366000"
"maven-2","4122000"
"out-of-memory","4121000"
"httpurlconnection","4000000"
"unsupported-class-version","4000000"
"jpa","3981000"
"static","3889000"
"orm","3840000"
"tostring","3833000"
"stream","3801000"
"heap-memory","3753000"
"rounding","3678000"
"parameter-passing","3445000"
"foreach","3442000"
"interface","3395000"
"windows","3300000"
"null","3208000"
"private","3207000"
"constructor","3202000"
"text","3196000"
"spring-mvc","3192000"
"nullpointerexception","3191000"
"directory","3130000"
"printing","3100000"
"jsp","3073000"
"int","3000000"
"sleep","2985000"
"wait","2985000"
"memory-management","2938000"
"oop","2935000"
"syntactic-sugar","2900000"
"concatenation","2878000"
"regex","2825000"
"ssl-certificate","2800000"
"pass-by-value","2775000"
"pass-by-reference","2775000"
"kotlin","2730000"
"timezone","2717000"
"inheritance","2716000"
"executable-jar","2691000"
"object","2660000"
"build","2648000"
"junit4","2635000"
"ascii","2600000"
"java-time","2599000"
"java-native-interface","2582000"
"set","2527000"
"protected","2500000"
"access-modifiers","2500000"
"public","2500000"
"char","2493000"
"double","2491000"
"stringbuilder","2489000"
"spring-boot","2477000"
"http","2400000"
"data-conversion","2400000"
"whitespace","2348000"
"installation","2342000"
"static-methods","2341000"
"hashcode","2317000"
"gradle","2276000"
"dependencies","2207000"
"version","2204000"
"incompatibility","2200000"
"manifest","2200000"
"java.util.date","2172000"
"jakarta-ee","2061000"
"implements","2057000"
"android-networking","2013000"
"static-classes","2012000"
"lambda","2003000"
"digits","2000000"
"decimal","2000000"
"thread-sleep","2000000"
"assert","1997000"
"stack-trace","1965000"
"abstract-class","1938000"
"download","1938000"
"autowired","1923000"
"default-parameters","1900000"
"https","1900000"
"ssl","1900000"
"overloading","1900000"
"java-9","1864000"
"garbage-collection","1864000"
"android-intent","1847000"
"android-recyclerview","1819000"
"c++","1800000"
"cpu-architecture","1800000"
"build-automation","1800000"
"branch-prediction","1800000"
"numbers","1800000"
"java-io","1800000"
"applet","1800000"
"numeric","1800000"
"ide","1799000"
"tdd","1771000"
"character","1763000"
"mvn-repo","1743000"
"java-threads","1742000"
"build.gradle","1721000"
"concurrency","1708000"
"hashtable","1700000"
"32bit-64bit","1700000"
"multidimensional-array","1700000"
"java-7","1671000"
"command-line","1669000"
"final","1652000"
"hashset","1628000"
"linked-list","1613000"
"format","1609000"
"md5","1603000"
"alphanumeric","1600000"
"slf4j","1600000"
"date-format","1600000"
"websphere","1600000"
"sql","1585000"
"decompiler","1574000"
"memory-leaks","1561000"
"terminology","1558000"
"encoding","1546000"
"classpath","1542000"
"url","1505000"
"m2eclipse","1500000"
"clone","1500000"
"networkonmainthread","1500000"
"cannot-find-symbol","1500000"
"libraries","1500000"
"copy","1500000"
"compiler-errors","1500000"
"dependency-management","1484000"
"serialization","1475000"
"javadoc","1452000"
"memory","1434000"
"servlets","1420000"
"design-patterns","1416000"
"equals","1401000"
"file-exists","1400000"
"nested-loops","1400000"
"optional-parameters","1400000"
"ubuntu","1400000"
"java-10","1375000"
"jakarta-mail","1362000"
"javabeans","1324000"
"add","1300000"
"java-5","1300000"
"comparator","1300000"
"hbm2ddl","1300000"
"substring","1300000"
"java-11","1300000"
"jaxb","1300000"
"key","1300000"
"extends","1300000"
"keystore","1300000"
"boolean-logic","1297000"
"hash","1277000"
"for-loop","1259000"
"xml","1217000"
"data-binding","1200000"
"httprequest","1200000"
"gmt","1200000"
"urlconnection","1200000"
"localization","1200000"
"urlencode","1200000"
"comparison","1200000"
"overriding","1164000"
"field","1138000"
"dependency-injection","1136000"
"android-asynctask","1135000"
"keyword","1134000"
"debugging","1131000"
"newline","1129000"
"runnable","1118000"
"wsdl","1108000"
"invoke","1100000"
"void","1100000"
"serialversionuid","1100000"
"noclassdeffounderror","1100000"
"indexing","1100000"
"replace","1100000"
"conditional-statements","1100000"
"string-comparison","1100000"
"algorithm","1077000"
"reverse-engineering","1067000"
"tomcat","1054000"
"jdbc","1037000"
"data-structures","1031000"
"package","1021000"
"idioms","1000000"
"port","1000000"
"server","1000000"
"entity","992000"
"text-extraction","984000"
"duplicates","980000"
"filenames","976000"
"instantiation","976000"
"hex","976000"
"junit5","954000"
"capitalize","945000"
"getter","937000"
"casting","934000"
"execution-time","920000"
"timing","920000"
"parallel-processing","916000"
"inner-classes","912000"
"log4j","906000"
"base64","891000"
"floating-point","891000"
"hudson","890000"
"jenkins","890000"
"return-value","889000"
"properties-file","885000"
"hyperlink","883000"
"stringbuffer","877000"
"timestamp","864000"
"iterator","858000"
"gradle-eclipse","858000"
"spring-data","850000"
"artifact","848000"
"android-activity","844000"
"restriction","840000"
"language-features","840000"
"iso8601","838000"
"filter","837000"
"delay","825000"
"handler","825000"
"stack-overflow","821000"
"tree","818000"
"java.util.scanner","813000"
"html","808000"
"maven-3","799000"
"simpledateformat","796000"
"zero-pad","794000"
"gson","790000"
"onclicklistener","789000"
"onclick","789000"
"error-handling","786000"
"object-comparison","782000"
"identity","782000"
"transient","774000"
"switch-statement","772000"
"timedelta","772000"
"inversion-of-control","766000"
"serializable","766000"
"intellij-inspections","752000"
"user-interface","736000"
"mysql","731000"
"multiline","728000"
"android-layout","728000"
"pretty-print","726000"
"32-bit","724000"
"64-bit","724000"
"font-size","723000"
"fonts","723000"
"optimization","722000"
"autoboxing","710000"
"boxing","710000"
"syntax","708000"
"maven-metadata","707000"
"padding","703000"
"variadic-functions","695000"
"wsdl2java","674000"
"stub","674000"
"xmlgregoriancalendar","674000"
"destructor","664000"
"finalize","664000"
"tokenize","663000"
"configuration","661000"
"soa","653000"
"apache-camel","653000"
"enterprise-integration","653000"
"dex","646000"
"difference","645000"
"try-catch","644000"
"file-upload","644000"
"multi-catch","644000"
"android-context","632000"
"android-fragments","632000"
"android-emulator","621000"
"android-widget","621000"
"operators","609000"
"indexoutofboundsexception","605000"
"path","603000"
"try-catch-finally","596000"
"return","596000"
"colors","596000"
"junit-jupiter","592000"
"logging","592000"
"controller","579000"
"assertion","576000"
"dto","558000"
"pojo","558000"
"iterable","556000"
"synchronized","546000"
"linux","537000"
"wget","537000"
"abstraction","533000"
"setter","533000"
"distinct-values","529000"
"warnings","524000"
"lowercase","522000"
"uppercase","522000"
"capitalization","522000"
"import","515000"
"http-error","513000"
"exe","505000"
"checksum","503000"
"passwords","502000"
"security","502000"
"tuples","500000"
"std-pair","500000"
"unchecked","488000"
"suppress-warnings","488000"
"android-gradle-plugin","477000"
"method-reference","472000"
"email","472000"
"path-separator","471000"
"command-line-arguments","469000"
"android-5.0-lollipop","464000"
"floating-action-button","464000"
"decoupling","462000"
"bag","458000"
"operating-system","458000"
"one-to-many","458000"
"jsf","453000"
"eol","453000"
"cross-platform","453000"
"arithmeticexception","450000"
"bigdecimal","450000"
"sdk","449000"
"windows-7-x64","449000"
"jdk6","449000"
"spring-data-jpa","448000"
"web-services","434000"
"soap","434000"
"war","432000"
"checked-exceptions","423000"
"uml","421000"
"diagram","421000"
"executorservice","419000"
"multiple-versions","415000"
"jenv","415000"
"homebrew-cask","415000"
"ioc-container","414000"
"vibration","410000"
"android-vibration","410000"
"jersey-2.0","402000"
"jax-rs","402000"
"authentication","402000"
"rest","402000"
"java-17","400000"
"benchmarking","393000"
"key-value","387000"
"code-conversion","386000"
"propagation","384000"
"isolation","384000"
"transactional","384000"
"deployment","379000"
"inject","370000"
"thread-confinement","370000"
"thread-local","370000"
"build-process","370000"
"callable","361000"
"usermanager","360000"
"keylistener","358000"
"android-edittext","358000"
"linq","352000"
"spring-3","352000"
"apache-commons","344000"
"runtimeexception","342000"
"apache-velocity","342000"
"unchecked-exception","342000"
"variable-assignment","340000"
"raw-types","339000"
"static-class","336000"
"c#","335000"
"singleton","333000"
"volatile","330000"
"treeset","324000"
"perfect-square","324000"
"android-2.2-froyo","324000"
"math","324000"
"session-variables","323000"
"instance-variables","323000"
"jboss","323000"
"enterprise","323000"
"glassfish","323000"
"abstract","316000"
"scriptlet","316000"
"assignment-operator","315000"
"orientation","310000"
"settings","290000"
"organization","289000"
"java-package","289000"
"frameworks","287000"
"emma","281000"
"code-coverage","281000"
"cobertura","281000"
"instanceof","280000"
"option-type","278000"
"folding","278000"
"builder","275000"
"transactions","274000"
"dao","274000"
"superclass","267000"
"native","258000"
"model-view-controller","256000"
"system.out","256000"
"bytecode","254000"
"jit","254000"
"pom.xml","250000"
"soft-references","248000"
"weak-references","248000"
"reference","248000"
"stack","241000"
"obsolete","241000"
"vector","241000"
"deprecated","241000"
"wildcard","240000"
"value-of","236000"
"parseint","236000"
"adt","230000"
"predicate","228000"
"negate","228000"
"jsr310","228000"
"naming-conventions","226000"
"grails","224000"
"templates","214000"
"code-generation","214000"
"swing","211000"
"testing","199000"
"boolean","197000"
"illegalargumentexception","196000"
"operator-overloading","194000"
".net","187000"
"eclipse-formatter","183000"
"code-formatting","183000"
"android-room","182000"
"database","182000"
"akka","178000"
"scala","178000"
"asynchronous","178000"
"collectors","173000"
"diamond-operator","171000"
"default-method","160000"
"pecs","157000"
"super","157000"
"bounded-wildcard","157000"
"xerces","156000"
"classloader","156000"
"lombok","155000"
"static-import","151000"
"modifier","151000"
"jframe","145000"
"charsequence","144000"
"jvm-hotspot","139000"
"microbenchmark","139000"
"polymorphism","136000"
"unicode","84000"
"comments","84000"
"javac","75000"
"layout-manager","66000"
"dot42","57000"
"xamarin","57000"
"aop","32000"
"increment","25000"
