"Tag","Upvote"
"[performance, c++, branch-prediction]","26988"
"[performance, branch-prediction]","26988"
"[performance, c++, cpu-architecture]","26988"
"[performance, c++]","26988"
"[c++, branch-prediction]","26988"
"[performance, cpu-architecture]","26988"
"[c++, cpu-architecture]","26988"
"[c++, cpu-architecture, branch-prediction]","26988"
"[cpu-architecture, branch-prediction]","26988"
"[performance, cpu-architecture, branch-prediction]","26988"
"[collections, dictionary]","9807"
"[collections, arraylist]","9124"
"[null, nullpointerexception]","8544"
"[methods, parameter-passing]","8201"
"[pass-by-value, pass-by-reference]","8127"
"[date, timezone]","8056"
"[java-8, java-stream]","7980"
"[collections, initialization]","7865"
"[methods, pass-by-value]","7680"
"[methods, parameter-passing, pass-by-value]","7680"
"[methods, pass-by-reference]","7680"
"[methods, pass-by-value, pass-by-reference]","7680"
"[parameter-passing, pass-by-value]","7680"
"[methods, parameter-passing, pass-by-reference]","7680"
"[parameter-passing, pass-by-value, pass-by-reference]","7680"
"[parameter-passing, pass-by-reference]","7680"
"[arrays, arraylist]","7255"
"[string, io]","7048"
"[string, type-conversion]","6174"
"[collections, iteration]","5906"
"[io, stream]","5801"
"[string, inputstream]","5638"
"[string, io, stream]","5301"
"[string, stream]","5301"
"[string, char]","5190"
"[spring, annotations]","4988"
"[junit, unit-testing]","4985"
"[collections, hashmap]","4949"
"[io, inputstream, stream]","4641"
"[string, io, inputstream]","4641"
"[inputstream, stream]","4641"
"[io, inputstream]","4641"
"[string, inputstream, stream]","4641"
"[mockito, mocking]","4578"
"[io, file-io]","4478"
"[loops, iteration]","4437"
"[operators, variable-assignment]","4337"
"[unit-testing, mockito]","4301"
"[collections, hashtable]","4271"
"[hashmap, hashtable]","4271"
"[collections, hashmap, hashtable]","4271"
"[json, jackson]","4191"
"[arrays, arraylist, type-conversion]","4056"
"[arraylist, type-conversion]","4056"
"[arrays, type-conversion]","4056"
"[integer, random]","4051"
"[junit, unit-testing, tdd]","4048"
"[unit-testing, tdd]","4048"
"[junit, tdd]","4048"
"[spring, spring-mvc]","4011"
"[hibernate, jpa]","3916"
"[dictionary, iteration]","3915"
"[collections, dictionary, iteration]","3915"
"[loops, for-loop]","3897"
"[string, random]","3833"
"[operators, casting, variable-assignment]","3830"
"[casting, variable-assignment]","3830"
"[operators, casting]","3830"
"[loops, hashmap]","3738"
"[loops, hashmap, iteration]","3738"
"[hashmap, iteration]","3738"
"[memory, memory-leaks]","3693"
"[string, split]","3605"
"[arraylist, linked-list]","3572"
"[collections, arraylist, linked-list]","3572"
"[collections, linked-list]","3572"
"[string, integer]","3462"
"[string, type-conversion, integer]","3462"
"[type-conversion, integer]","3462"
"[collections, arrays]","3375"
"[arraylist, initialization]","3275"
"[collections, arraylist, initialization]","3275"
"[io, file]","3091"
"[android, kotlin]","3072"
"[performance, for-loop]","2968"
"[performance, loops]","2968"
"[performance, loops, for-loop]","2968"
"[android, eclipse]","2955"
"[unit-testing, mocking]","2950"
"[unit-testing, mockito, mocking]","2950"
"[collections, sorting]","2923"
"[string, arrays]","2870"
"[collections, dictionary, initialization]","2788"
"[dictionary, initialization]","2788"
"[collections, list]","2720"
"[file-io, file]","2544"
"[annotations, spring-mvc]","2514"
"[spring, annotations, spring-mvc]","2514"
"[eclipse, ide]","2417"
"[arrays, tostring]","2367"
"[arraylist, list]","2355"
"[junit, exception]","2258"
"[java-8, datetime]","2171"
"[maven, maven-2]","2074"
"[arrays, list]","1981"
"[collections, java-8]","1951"
"[string, collections]","1897"
"[generics, reflection]","1871"
"[dictionary, sorting]","1856"
"[collections, dictionary, sorting]","1856"
"[junit, mockito]","1835"
"[io, file-io, file]","1747"
"[string, io, file-io]","1747"
"[string, file-io]","1747"
"[string, io, file]","1747"
"[string, file-io, file]","1747"
"[string, file]","1747"
"[string, date]","1513"
"[collections, generics]","1472"
"[junit, unit-testing, mockito]","1351"
"[nullpointerexception, annotations]","1287"
"[null, ide]","1287"
"[nullpointerexception, annotations, ide]","1287"
"[null, nullpointerexception, annotations]","1287"
"[annotations, ide]","1287"
"[null, annotations, ide]","1287"
"[nullpointerexception, ide]","1287"
"[null, nullpointerexception, ide]","1287"
"[null, annotations]","1287"
"[date, sorting]","1271"
"[java-8, macos]","1266"
"[string, collections, arraylist]","1256"
"[collections, arrays, arraylist]","1256"
"[string, collections, arrays]","1256"
"[string, arrays, arraylist]","1256"
"[string, arraylist]","1256"
"[arrays, generics, reflection]","1227"
"[arrays, generics]","1227"
"[arrays, reflection]","1227"
"[maven, intellij-idea]","1195"
"[intellij-idea, ide]","1185"
"[eclipse, maven]","1174"
"[collections, java-8, java-stream]","1132"
"[collections, java-stream]","1132"
"[exception, null]","1119"
"[reflection, private]","1114"
"[string, performance, stringbuilder]","1092"
"[string, stringbuilder]","1092"
"[string, performance]","1092"
"[performance, stringbuilder]","1092"
"[date, datetime]","1064"
"[spring, jpa]","1054"
"[arrays, java-8, java-stream]","1034"
"[arrays, java-8]","1034"
"[arrays, java-stream]","1034"
"[kotlin, static]","1031"
"[collections, arraylist, list]","1021"
"[oop, interface]","1020"
"[string, type-conversion, inputstream]","997"
"[type-conversion, inputstream]","997"
"[arrays, inputstream]","996"
"[performance, io, file-io]","993"
"[performance, file-io]","993"
"[performance, io]","993"
"[spring, hibernate]","972"
"[java-8, intellij-idea]","959"
"[type-conversion, char]","935"
"[string, type-conversion, char]","935"
"[loops, enums, for-loop]","929"
"[loops, enums]","929"
"[enums, for-loop]","929"
"[initialization, constructor]","902"
"[collections, initialization, constructor]","902"
"[collections, constructor]","902"
"[collections, performance]","900"
"[performance, initialization]","900"
"[collections, performance, initialization]","900"
"[mockito, tdd]","881"
"[unit-testing, mockito, tdd]","881"
"[junit, mockito, tdd]","881"
"[android, memory]","831"
"[dictionary, list]","800"
"[collections, dictionary, list]","800"
"[spring, null, nullpointerexception]","752"
"[spring, nullpointerexception]","752"
"[spring, null]","752"
"[arrays, arraylist, list]","729"
"[string, list]","711"
"[collections, loops, iteration]","699"
"[collections, loops]","699"
"[maven, unit-testing, maven-2]","684"
"[unit-testing, maven-2]","684"
"[maven, unit-testing]","684"
"[eclipse, intellij-idea]","674"
"[eclipse, intellij-idea, ide]","674"
"[collections, split]","641"
"[string, collections, split]","641"
"[android, java-8]","631"
"[list, interface]","625"
"[java-8, interface]","625"
"[exception, list]","605"
"[arraylist, exception]","605"
"[arraylist, exception, list]","605"
"[performance, list]","595"
"[exception, mockito]","576"
"[exception, mocking]","576"
"[exception, mockito, mocking]","576"
"[exception, nullpointerexception]","570"
"[exception, null, nullpointerexception]","570"
"[multithreading, interface]","561"
"[string, android]","561"
"[reflection, static]","558"
"[reflection, private, static]","558"
"[private, static]","558"
"[performance, exception]","555"
"[java-8, java-stream, for-loop]","547"
"[java-stream, for-loop]","547"
"[java-8, for-loop]","547"
"[json, spring-mvc]","537"
"[jackson, spring-mvc]","537"
"[arrays, json]","537"
"[json, jackson, spring-mvc]","537"
"[eclipse, generics]","531"
"[maven, junit]","530"
"[methods, reflection]","528"
"[exception, memory-leaks]","526"
"[generics, json]","523"
"[nullpointerexception, java-stream]","520"
"[junit, annotations]","509"
"[loops, operators]","507"
"[loops, operators, variable-assignment]","507"
"[loops, variable-assignment]","507"
"[string, enums]","495"
"[mockito, mocking, static]","490"
"[unit-testing, mocking, static]","490"
"[unit-testing, static]","490"
"[mocking, static]","490"
"[unit-testing, mockito, static]","490"
"[mockito, static]","490"
"[arrays, initialization]","489"
"[annotations, interface]","482"
"[annotations, oop]","482"
"[annotations, oop, interface]","482"
"[annotations, json, jackson]","475"
"[spring, annotations, json]","475"
"[annotations, json]","475"
"[spring, json, jackson]","475"
"[spring, annotations, jackson]","475"
"[spring, json]","475"
"[annotations, jackson]","475"
"[spring, jackson]","475"
"[oop, static]","468"
"[spring, spring-mvc, jsp]","467"
"[spring, jsp]","467"
"[hibernate, jsp]","467"
"[spring, hibernate, spring-mvc]","467"
"[spring, hibernate, jsp]","467"
"[hibernate, spring-mvc, jsp]","467"
"[spring-mvc, jsp]","467"
"[hibernate, spring-mvc]","467"
"[string, iteration]","466"
"[arraylist, sorting]","455"
"[list, sorting]","455"
"[collections, list, sorting]","455"
"[collections, arraylist, sorting]","455"
"[android, multithreading]","455"
"[arraylist, list, sorting]","455"
"[eclipse, jsp]","454"
"[eclipse, maven, jsp]","454"
"[maven, jsp]","454"
"[dictionary, hashmap]","449"
"[dictionary, generics]","448"
"[collections, dictionary, generics]","448"
"[spring, file]","447"
"[arrays, char]","445"
"[string, arrays, char]","445"
