"Tag","View"
"[collections, dictionary]","9807"
"[collections, arraylist]","9124"
"[null, nullpointerexception]","8544"
"[methods, parameter-passing]","8201"
"[java-8, java-stream]","7980"
"[collections, initialization]","7865"
"[arrays, arraylist]","7255"
"[string, io]","7048"
"[string, type-conversion]","6174"
"[collections, iteration]","5906"
"[io, stream]","5801"
"[string, inputstream]","5638"
"[string, io, stream]","5301"
"[string, stream]","5301"
"[spring, annotations]","4988"
"[unit-testing, junit]","4985"
"[collections, hashmap]","4949"
"[string, io, inputstream]","4641"
"[io, inputstream, stream]","4641"
"[io, inputstream]","4641"
"[inputstream, stream]","4641"
"[string, inputstream, stream]","4641"
"[mockito, mocking]","4578"
"[file-io, io]","4478"
"[iteration, loops]","4437"
"[mockito, unit-testing]","4301"
"[json, jackson]","4191"
"[arrays, type-conversion]","4056"
"[arrays, arraylist, type-conversion]","4056"
"[arraylist, type-conversion]","4056"
"[integer, random]","4051"
"[spring, spring-mvc]","4011"
"[hibernate, jpa]","3916"
"[collections, dictionary, iteration]","3915"
"[dictionary, iteration]","3915"
"[string, random]","3833"
"[hashmap, iteration]","3738"
"[hashmap, loops]","3738"
"[hashmap, iteration, loops]","3738"
"[string, split]","3605"
"[file-io, text-files]","3599"
"[string, integer]","3462"
"[string, type-conversion, integer]","3462"
"[type-conversion, integer]","3462"
"[hibernate, orm]","3377"
"[arrays, collections]","3375"
"[arraylist, initialization]","3275"
"[collections, arraylist, initialization]","3275"
"[io, file]","3091"
"[loops, performance]","2968"
"[android, eclipse]","2955"
"[mockito, unit-testing, mocking]","2950"
"[unit-testing, mocking]","2950"
"[collections, sorting]","2923"
"[hibernate, jpa, orm]","2876"
"[jpa, orm]","2876"
"[string, arrays]","2870"
"[collections, dictionary, initialization]","2788"
"[dictionary, initialization]","2788"
"[collections, list]","2720"
"[file-io, file]","2544"
"[spring, annotations, spring-mvc]","2514"
"[annotations, spring-mvc]","2514"
"[tostring, printing]","2367"
"[arrays, tostring]","2367"
"[arrays, tostring, printing]","2367"
"[arrays, printing]","2367"
"[list, arraylist]","2355"
"[junit, exception]","2258"
"[java-8, datetime]","2171"
"[date, time]","2148"
"[methods, parameters]","2077"
"[maven, maven-2]","2074"
"[eclipse, windows]","1999"
"[arrays, list]","1981"
"[collections, java-8]","1951"
"[string, collections]","1897"
"[generics, reflection]","1871"
"[dictionary, sorting]","1856"
"[collections, dictionary, sorting]","1856"
"[program-entry-point, class]","1837"
"[json, parsing]","1835"
"[mockito, junit]","1835"
"[file-io, io, text-files]","1760"
"[io, text-files]","1760"
"[string, file-io, io]","1747"
"[string, file-io, file]","1747"
"[string, file]","1747"
"[string, io, file]","1747"
"[file-io, io, file]","1747"
"[string, file-io]","1747"
"[jvm, unsupported-class-version]","1713"
"[string, date]","1513"
"[out-of-memory, heap-memory]","1500"
"[collections, generics]","1472"
"[jvm, parameters]","1399"
"[mockito, unit-testing, junit]","1351"
"[program-entry-point, jar]","1343"
"[annotations, nullpointerexception]","1287"
"[annotations, null, nullpointerexception]","1287"
"[annotations, null]","1287"
"[date, sorting]","1271"
"[java-8, macos]","1266"
"[string, arrays, arraylist]","1256"
"[string, arraylist]","1256"
"[string, collections, arraylist]","1256"
"[arrays, collections, arraylist]","1256"
"[string, arrays, collections]","1256"
"[file, directory]","1231"
"[arrays, generics, reflection]","1227"
"[arrays, generics]","1227"
"[arrays, reflection]","1227"
"[maven, intellij-idea]","1195"
"[eclipse, maven]","1174"
"[collections, java-stream]","1132"
"[collections, java-8, java-stream]","1132"
"[exception, null]","1119"
"[reflection, private]","1114"
"[string, performance]","1092"
"[date, datetime]","1064"
"[spring, jpa]","1054"
"[file-io, text-files, text]","1042"
"[file-io, text]","1042"
"[text-files, text]","1042"
"[android, eclipse, windows]","1036"
"[android, windows]","1036"
"[arrays, java-8, java-stream]","1034"
"[arrays, java-8]","1034"
"[arrays, java-stream]","1034"
"[collections, list, arraylist]","1021"
"[string, date, time]","1002"
"[string, time]","1002"
"[string, type-conversion, inputstream]","997"
"[type-conversion, inputstream]","997"
"[arrays, inputstream]","996"
"[io, performance]","993"
"[file-io, io, performance]","993"
"[text-files, performance]","993"
"[io, text-files, performance]","993"
"[file-io, text-files, performance]","993"
"[file-io, performance]","993"
"[spring, hibernate]","972"
"[string, int]","969"
"[java-8, intellij-idea]","959"
"[date, formatting]","959"
"[loops, enums]","929"
"[initialization, constructor]","902"
"[collections, initialization, constructor]","902"
"[collections, constructor]","902"
"[collections, performance]","900"
"[initialization, performance]","900"
"[collections, initialization, performance]","900"
"[collections, list, dictionary]","800"
"[list, dictionary]","800"
"[file, text-files]","797"
"[file-io, file, text-files]","797"
"[io, directory]","779"
"[io, file, directory]","779"
"[spring, null, nullpointerexception]","752"
"[spring, nullpointerexception]","752"
"[spring, null]","752"
"[arrays, list, arraylist]","729"
"[string, equality]","723"
"[string, list]","711"
"[collections, iteration, loops]","699"
"[collections, loops]","699"
"[maven, unit-testing, maven-2]","684"
"[maven, unit-testing]","684"
"[unit-testing, maven-2]","684"
"[eclipse, intellij-idea]","674"
"[loops, foreach]","668"
"[intellij-idea, jar]","649"
"[string, collections, split]","641"
"[collections, split]","641"
"[android, java-8]","631"
"[java-8, interface]","625"
"[list, interface]","625"
"[list, exception]","605"
"[arraylist, exception]","605"
"[list, arraylist, exception]","605"
"[list, performance]","595"
"[mockito, exception, mocking]","576"
"[mockito, exception]","576"
"[exception, mocking]","576"
"[eclipse, formatting]","570"
"[exception, null, nullpointerexception]","570"
"[exception, nullpointerexception]","570"
"[string, android]","561"
"[multithreading, interface]","561"
"[reflection, static]","558"
"[reflection, static, private]","558"
"[static, private]","558"
"[jvm, heap-memory]","557"
"[jvm, out-of-memory]","557"
"[jvm, out-of-memory, heap-memory]","557"
"[reflection, class, private]","556"
"[class, private]","556"
"[reflection, class]","556"
"[exception, performance]","555"
"[program-entry-point, static]","539"
"[arrays, json]","537"
"[json, orm, spring-mvc]","537"
"[jackson, spring-mvc]","537"
"[arrays, json, parsing]","537"
"[jackson, orm]","537"
"[json, jackson, orm]","537"
"[arrays, parsing]","537"
"[json, jackson, spring-mvc]","537"
"[json, spring-mvc]","537"
"[jackson, orm, spring-mvc]","537"
"[json, orm]","537"
"[orm, spring-mvc]","537"
"[eclipse, generics]","531"
"[maven, junit]","530"
"[reflection, methods]","528"
"[exception, out-of-memory]","526"
"[json, generics]","523"
"[java-stream, nullpointerexception]","520"
"[string, formatting]","511"
"[string, date, formatting]","511"
"[junit, annotations]","509"
"[string, enums]","495"
"[unit-testing, static]","490"
"[mockito, static]","490"
"[mocking, static]","490"
"[mockito, unit-testing, static]","490"
"[mockito, mocking, static]","490"
"[unit-testing, mocking, static]","490"
"[arrays, initialization]","489"
"[annotations, interface]","482"
"[spring, jackson, annotations]","475"
"[json, spring]","475"
"[json, jackson, annotations]","475"
"[json, annotations]","475"
"[json, spring, annotations]","475"
"[json, spring, jackson]","475"
"[spring, jackson]","475"
"[jackson, annotations]","475"
"[hibernate, spring-mvc]","467"
"[spring, hibernate, jsp]","467"
"[spring, hibernate, spring-mvc]","467"
"[spring, jsp]","467"
"[hibernate, spring-mvc, jsp]","467"
"[spring-mvc, jsp]","467"
"[spring, spring-mvc, jsp]","467"
"[hibernate, jsp]","467"
"[string, iteration]","466"
"[collections, list, sorting]","455"
"[android, multithreading]","455"
"[collections, arraylist, sorting]","455"
"[arraylist, sorting]","455"
"[list, sorting]","455"
"[list, arraylist, sorting]","455"
"[maven, jsp]","454"
"[eclipse, jsp]","454"
"[eclipse, maven, jsp]","454"
"[dictionary, hashmap]","449"
"[collections, dictionary, generics]","448"
"[dictionary, generics]","448"
"[spring, file]","447"
