"Tag","Frequency"
"string","49"
"android","36"
"collections","31"
"java-8","29"
"arrays","22"
"spring","17"
"eclipse","17"
"generics","15"
"date","15"
"maven","14"
"exception","13"
"java-stream","13"
"list","13"
"mockito","11"
"multithreading","10"
"json","10"
"io","10"
"arraylist","10"
"dictionary","10"
"hibernate","10"
"junit","10"
"unit-testing","10"
"annotations","9"
"intellij-idea","9"
"reflection","9"
"file-io","8"
"performance","8"
"hashmap","7"
"loops","7"
"static","7"
"interface","7"
"file","7"
"macos","7"
"datetime","7"
"mocking","7"
"jackson","7"
"jpa","7"
"null","6"
"kotlin","6"
"maven-2","6"
"enums","6"
"initialization","6"
"oop","6"
"ide","6"
"orm","6"
"nullpointerexception","6"
"type-conversion","5"
"formatting","5"
"jsp","5"
"concurrency","5"
"jvm","5"
"spring-mvc","5"
"abstract-class","5"
"split","5"
"jar","5"
"iteration","5"
"javadoc","4"
"autowired","4"
"final","4"
"random","4"
"java-time","4"
"text-files","4"
"inheritance","4"
"integer","4"
"lambda","4"
"jakarta-ee","4"
"regex","4"
"gradle","4"
"stringbuilder","4"
"constructor","4"
"sorting","4"
"design-patterns","4"
"time","4"
"static-methods","4"
"methods","4"
"program-entry-point","3"
"java-native-interface","3"
"object","3"
"stack-trace","3"
"set","3"
"rounding","3"
"executable-jar","3"
"spring-boot","3"
"private","3"
"directory","3"
"out-of-memory","3"
"class","3"
"servlets","3"
"syntax","3"
"hashset","3"
"algorithm","3"
"java-9","3"
"stream","3"
"equals","3"
"download","3"
"sql","3"
"android-intent","3"
"for-loop","3"
"parsing","3"
"dependency-management","3"
"junit4","3"
"heap-memory","3"
"keyword","3"
"memory","3"
"build.gradle","3"
"double","3"
"hashcode","3"
"android-recyclerview","3"
"concatenation","3"
"parallel-processing","3"
"operators","3"
"installation","3"
"char","3"
"inputstream","3"
"package","3"
"overriding","3"
"timezone","3"
"javabeans","2"
"xml","2"
"c#","2"
"version","2"
"sleep","2"
"wsdl","2"
"swing","2"
"dependency-injection","2"
"getter","2"
"linked-list","2"
"hyperlink","2"
"parameter-passing","2"
"encoding","2"
"user-interface","2"
"http","2"
"data-structures","2"
"terminology","2"
"command-line","2"
"reverse-engineering","2"
"serialization","2"
"error-handling","2"
"tomcat","2"
"text","2"
"java-7","2"
"field","2"
"hash","2"
"wait","2"
"casting","2"
"spring-data","2"
"pass-by-value","2"
"url","2"
"md5","2"
"jakarta-mail","2"
"foreach","2"
"android-networking","2"
"benchmarking","2"
"iterable","2"
"iterator","2"
"character","2"
"java-10","2"
"java-threads","2"
"static-classes","2"
"pass-by-reference","2"
"memory-management","2"
"maven-3","2"
"android-gradle-plugin","2"
"equality","2"
"variadic-functions","2"
"runnable","2"
"garbage-collection","2"
"memory-leaks","2"
"junit5","2"
"android-layout","2"
"android-asynctask","2"
"java.util.date","2"
"parameters","2"
"implements","2"
"import","2"
"httpurlconnection","2"
"jdbc","2"
"debugging","2"
"classpath","2"
"windows","2"
"boolean-logic","2"
"whitespace","2"
"tostring","2"
"optimization","2"
"pretty-print","2"
"dependencies","2"
"mvn-repo","2"
"floating-point","2"
"assert","2"
"checked-exceptions","2"
"newline","2"
"html","2"
"unsupported-class-version","2"
"format","2"
"variable-assignment","2"
"configuration","2"
"decompiler","2"
"int","2"
"tdd","2"
"build","2"
"gson","2"
"android-5.0-lollipop","1"
"data-binding","1"
"stack","1"
"httprequest","1"
"bag","1"
"path","1"
"hashtable","1"
"emma","1"
"protected","1"
"session-variables","1"
"dex","1"
"multiple-versions","1"
"runtimeexception","1"
"alphanumeric","1"
"soft-references","1"
"ioc-container","1"
"capitalize","1"
"linq","1"
"dot42","1"
"delay","1"
"transient","1"
"instance-variables","1"
"idioms","1"
"unicode","1"
"key-value","1"
"sdk","1"
"jsf","1"
"value-of","1"
"layout-manager","1"
"m2eclipse","1"
"pom.xml","1"
"charsequence","1"
"gmt","1"
"wsdl2java","1"
"file-exists","1"
"model-view-controller","1"
"executorservice","1"
"jvm-hotspot","1"
"printing","1"
"jenv","1"
"incompatibility","1"
"digits","1"
"javac","1"
"stub","1"
"treeset","1"
"add","1"
"duplicates","1"
"onclicklistener","1"
"destructor","1"
"unchecked","1"
"try-catch","1"
"static-import","1"
"lombok","1"
"urlconnection","1"
"adt","1"
"propagation","1"
"port","1"
"object-comparison","1"
"multiline","1"
"nested-loops","1"
"decimal","1"
"maven-metadata","1"
"obsolete","1"
"jboss","1"
"uml","1"
"method-reference","1"
"weak-references","1"
"microbenchmark","1"
"lowercase","1"
"instanceof","1"
"eclipse-formatter","1"
"32bit-64bit","1"
"try-catch-finally","1"
"clone","1"
"indexoutofboundsexception","1"
"inject","1"
"localization","1"
"floating-action-button","1"
"c++","1"
"eol","1"
"callable","1"
"diamond-operator","1"
"default-parameters","1"
"urlencode","1"
"invoke","1"
"android-emulator","1"
"usermanager","1"
"pecs","1"
"simpledateformat","1"
"filenames","1"
"https","1"
"java.util.scanner","1"
"java-5","1"
"templates","1"
"testing","1"
"isolation","1"
"hudson","1"
"transactions","1"
"grails","1"
"keylistener","1"
"restriction","1"
"tuples","1"
"transactional","1"
"server","1"
"32-bit","1"
"ssl-certificate","1"
"code-generation","1"
"system.out","1"
"perfect-square","1"
"distinct-values","1"
"android-2.2-froyo","1"
"native","1"
"jenkins","1"
"assertion","1"
"android-context","1"
"deployment","1"
"android-fragments","1"
"comparator","1"
"data-conversion","1"
"arithmeticexception","1"
"hbm2ddl","1"
"path-separator","1"
"return","1"
"entity","1"
"cpu-architecture","1"
"homebrew-cask","1"
"synchronized","1"
"soa","1"
"properties-file","1"
"xerces","1"
"operating-system","1"
"modifier","1"
"base64","1"
"polymorphism","1"
"vibration","1"
"suppress-warnings","1"
"passwords","1"
"default-method","1"
"code-formatting","1"
"settings","1"
"void","1"
"comparison","1"
"build-automation","1"
"multidimensional-array","1"
"code-conversion","1"
"collectors","1"
"spring-data-jpa","1"
"substring","1"
"code-coverage","1"
"dto","1"
"apache-velocity","1"
"stringbuffer","1"
"comments","1"
"bigdecimal","1"
"manifest","1"
"abstraction","1"
"warnings","1"
"super","1"
"jframe","1"
"execution-time","1"
"serialversionuid","1"
"switch-statement","1"
"handler","1"
"aop","1"
"bounded-wildcard","1"
"classloader","1"
"ssl","1"
"predicate","1"
"exe","1"
"apache-camel","1"
"return-value","1"
"noclassdeffounderror","1"
"autoboxing","1"
"slf4j","1"
"xamarin","1"
"onclick","1"
"java-11","1"
"date-format","1"
"branch-prediction","1"
"java-17","1"
"difference","1"
"websphere","1"
"bytecode","1"
"illegalargumentexception","1"
"android-edittext","1"
"colors","1"
"jaxb","1"
"text-extraction","1"
"builder","1"
"vector","1"
"key","1"
"email","1"
"timestamp","1"
"controller","1"
"optional-parameters","1"
"decoupling","1"
"64-bit","1"
"option-type","1"
"diagram","1"
"gradle-eclipse","1"
"inversion-of-control","1"
"negate","1"
"setter","1"
"numbers","1"
"xmlgregoriancalendar","1"
"operator-overloading","1"
"networkonmainthread","1"
"tokenize","1"
"parseint","1"
"android-widget","1"
"mysql","1"
"instantiation","1"
"web-services","1"
"naming-conventions","1"
"jersey-2.0","1"
"http-error","1"
"stack-overflow","1"
"windows-7-x64","1"
"extends","1"
".net","1"
"one-to-many","1"
"command-line-arguments","1"
"assignment-operator","1"
"cannot-find-symbol","1"
"syntactic-sugar","1"
"linux","1"
"ascii","1"
"log4j","1"
"singleton","1"
"libraries","1"
"war","1"
"volatile","1"
"access-modifiers","1"
"inner-classes","1"
"junit-jupiter","1"
"file-upload","1"
"jax-rs","1"
"frameworks","1"
"deprecated","1"
"folding","1"
"unchecked-exception","1"
"artifact","1"
"jit","1"
"superclass","1"
"spring-3","1"
"hex","1"
"keystore","1"
"akka","1"
"zero-pad","1"
"thread-confinement","1"
"java-io","1"
"logging","1"
"android-vibration","1"
"math","1"
"static-class","1"
"apache-commons","1"
"language-features","1"
"enterprise","1"
"wget","1"
"increment","1"
"glassfish","1"
"identity","1"
"android-room","1"
"copy","1"
"timedelta","1"
"indexing","1"
"iso8601","1"
"abstract","1"
"filter","1"
"organization","1"
"finalize","1"
"uppercase","1"
"cobertura","1"
"replace","1"
"std-pair","1"
"reference","1"
"intellij-inspections","1"
"dao","1"
"scriptlet","1"
"multi-catch","1"
"raw-types","1"
"thread-local","1"
"ubuntu","1"
"timing","1"
"conditional-statements","1"
"tr