"string","49"
"android","36"
"collections","31"
"java-8","29"
"arrays","22"
"spring","17"
"eclipse","17"
"generics","15"
"date","15"
"maven","14"
"exception","13"
"java-stream","13"
"list","13"
"mockito","11"
"multithreading","10"
"json","10"
"io","10"
"arraylist","10"
"dictionary","10"
"hibernate","10"
"junit","10"
"unit-testing","10"
"annotations","9"
"intellij-idea","9"
"reflection","9"
"file-io","8"
"performance","8"
"hashmap","7"
"loops","7"
"static","7"
"interface","7"
"file","7"
"macos","7"
"datetime","7"
"mocking","7"
"jackson","7"
"jpa","7"
"null","6"
"kotlin","6"
"maven-2","6"
"enums","6"
"initialization","6"
"oop","6"
"ide","6"
"orm","6"
"nullpointerexception","6"
"type-conversion","5"
"formatting","5"
"jsp","5"
"concurrency","5"
"jvm","5"
"spring-mvc","5"
"abstract-class","5"
"split","5"
"jar","5"
"iteration","5"
"javadoc","4"
"autowired","4"
"final","4"
"random","4"
"java-time","4"
"text-files","4"
"inheritance","4"
"integer","4"
"lambda","4"
"jakarta-ee","4"
"regex","4"
"gradle","4"
"stringbuilder","4"
"constructor","4"
"sorting","4"
"design-patterns","4"
"time","4"
"static-methods","4"
"methods","4"
"program-entry-point","3"
"java-native-interface","3"
"object","3"
"stack-trace","3"
"set","3"
"rounding","3"
"executable-jar","3"
"spring-boot","3"
"private","3"
"directory","3"
"out-of-memory","3"
"class","3"
"servlets","3"
"syntax","3"
"hashset","3"
"algorithm","3"
"java-9","3"
"stream","3"
"equals","3"
"download","3"
"sql","3"
"android-intent","3"
"for-loop","3"
"parsing","3"
"dependency-management","3"
"junit4","3"
"heap-memory","3"
"keyword","3"
"memory","3"
"build.gradle","3"
"double","3"
"hashcode","3"
"android-recyclerview","3"
"concatenation","3"
"parallel-processing","3"
"operators","3"
"installation","3"
"char","3"
"inputstream","3"
"package","3"
"overriding","3"
"timezone","3"