"string","#62525"
"arrays","#32898"
"collections","#32689"
"android","#18748"
"date","#16631"
"list","#15573"
"arraylist","#14396"
"file-io","#14200"
"java-8","#13500"
"type-conversion","#12768"
"integer","#12729"
"io","#12548"
"dictionary","#10910"
"eclipse","#10492"
"hashmap","#10098"
"iteration","#9980"
"[collections, dictionary]","#9807"
"random","#9420"
"initialization","#9348"
"json","#9184"
"[collections, arraylist]","#9124"
"spring","#8893"
"maven","#8634"
"[null, nullpointerexception]","#8544"
"loops","#8338"
"[methods, parameter-passing]","#8201"
"[java-8, java-stream]","#7980"
"split","#7929"
"[collections, initialization]","#7865"
"jvm","#7763"
"file","#7360"
"[arrays, arraylist]","#7255"
"[string, io]","#7048"
"generics","#6985"
"mockito","#6933"
"program-entry-point","#6920"
"unit-testing","#6884"
"junit","#6848"
"hibernate","#6681"
"text-files","#6600"
"[string, type-conversion]","#6174"
"[collections, iteration]","#5906"
"reflection","#5841"
"methods","#5804"
"[io, stream]","#5801"
"exception","#5792"
"java-stream","#5762"
"datetime","#5664"
"[string, inputstream]","#5638"
"performance","#5540"
"macos","#5372"
"[string, stream]","#5301"
"[string, io, stream]","#5301"
"equality","#5282"
"[spring, annotations]","#4988"
"[unit-testing, junit]","#4985"
"parsing","#4960"
"[collections, hashmap]","#4949"
"sorting","#4930"
"class","#4880"
"enums","#4823"
"jackson","#4806"
"multithreading","#4790"
"intellij-idea","#4752"
"[string, inputstream, stream]","#4641"
"[string, io, inputstream]","#4641"
"[io, inputstream, stream]","#4641"
"[io, inputstream]","#4641"
"[inputstream, stream]","#4641"
"time","#4630"
"mocking","#4629"
"[mockito, mocking]","#4578"
"annotations","#4578"
"inputstream","#4568"
"parameters","#4500"
"[file-io, io]","#4478"
"[iteration, loops]","#4437"
"jar","#4371"
"formatting","#4366"
"[mockito, unit-testing]","#4301"
"[json, jackson]","#4191"
"maven-2","#4122"
"out-of-memory","#4121"
"[arraylist, type-conversion]","#4056"
"[arrays, type-conversion]","#4056"
"[arrays, arraylist, type-conversion]","#4056"
"[integer, random]","#4051"
"[spring, spring-mvc]","#4011"
"unsupported-class-version","#4000"
"httpurlconnection","#4000"
"jpa","#3981"
"[hibernate, jpa]","#3916"
"[dictionary, iteration]","#3915"
"[collections, dictionary, iteration]","#3915"
"static","#3889"
"orm","#3840"
"[string, random]","#3833"
"tostring","#3833"
"stream","#3801"
"heap-memory","#3753"
"[hashmap, iteration, loops]","#3738"
"[hashmap, loops]","#3738"
"[hashmap, iteration]","#3738"
"rounding","#3678"
"[string, split]","#3605"
"[file-io, text-files]","#3599"
"[type-conversion, integer]","#3462"
"[string, integer]","#3462"
"[string, type-conversion, integer]","#3462"
"parameter-passing","#3445"
"foreach","#3442"
"interface","#3395"
"[hibernate, orm]","#3377"
"[arrays, collections]","#3375"
"windows","#3300"
"[arraylist, initialization]","#3275"
"[collections, arraylist, initialization]","#3275"
"null","#3208"
"private","#3207"
"constructor","#3202"
"text","#3196"
"spring-mvc","#3192"
"nullpointerexception","#3191"
"directory","#3130"
"printing","#3100"
"[io, file]","#3091"
"jsp","#3073"
"int","#3000"
