string,#46356
collections,#37418
performance,#34996
android,#31696
arrays,#27117
branch-prediction,#26988
"[c++, cpu-architecture]",#26988
"[performance, cpu-architecture]",#26988
"[c++, cpu-architecture, branch-prediction]",#26988
"[performance, branch-prediction]",#26988
"[performance, cpu-architecture, branch-prediction]",#26988
c++,#26988
"[cpu-architecture, branch-prediction]",#26988
"[performance, c++]",#26988
"[performance, c++, cpu-architecture]",#26988
cpu-architecture,#26988
"[performance, c++, branch-prediction]",#26988
"[c++, branch-prediction]",#26988
java-8,#19579
date,#16836
arraylist,#16494
spring,#12766
dictionary,#12551
io,#12550
eclipse,#11559
loops,#11555
hashmap,#11008
generics,#10854
methods,#10806
type-conversion,#10230
multithreading,#10172
iteration,#10110
maven,#9839
"[collections, dictionary]",#9807
junit,#9676
exception,#9462
list,#9272
unit-testing,#9131
"[collections, arraylist]",#9124
null,#9093
nullpointerexception,#9064
file-io,#8748
"[null, nullpointerexception]",#8544
timezone,#8520
java-stream,#8500
integer,#8489
random,#8434
initialization,#8354
parameter-passing,#8201
"[methods, parameter-passing]",#8201
pass-by-reference,#8127
"[pass-by-value, pass-by-reference]",#8127
pass-by-value,#8127
"[date, timezone]",#8056
"[java-8, java-stream]",#7980
reflection,#7931
"[collections, initialization]",#7865
annotations,#7764
"[parameter-passing, pass-by-value]",#7680
"[methods, pass-by-reference]",#7680
"[methods, parameter-passing, pass-by-value]",#7680
"[parameter-passing, pass-by-value, pass-by-reference]",#7680
"[methods, pass-by-value, pass-by-reference]",#7680
"[methods, parameter-passing, pass-by-reference]",#7680
"[parameter-passing, pass-by-reference]",#7680
"[methods, pass-by-value]",#7680
mockito,#7304
"[arrays, arraylist]",#7255
enums,#7067
"[string, io]",#7048
json,#7000
inputstream,#6634
hibernate,#6624
maven-2,#6196
intellij-idea,#6190
"[string, type-conversion]",#6174
"[collections, iteration]",#5906
"[io, stream]",#5801
stream,#5801
"[string, inputstream]",#5638
file,#5400
macos,#5392
"[string, stream]",#5301
"[string, io, stream]",#5301
jvm,#5243
memory,#5201
"[string, char]",#5190
char,#5190
jackson,#5028
"[spring, annotations]",#4988
"[junit, unit-testing]",#4985
jpa,#4970
constructor,#4960
"[collections, hashmap]",#4949
operators,#4798
private,#4738
"[string, inputstream, stream]",#4641
"[string, io, inputstream]",#4641
"[inputstream, stream]",#4641
"[io, inputstream, stream]",#4641
"[io, inputstream]",#4641
kotlin,#4627
oop,#4619
"[mockito, mocking]",#4578
mocking,#4578
spring-mvc,#4548
"[io, file-io]",#4478
for-loop,#4444
"[loops, iteration]",#4437
static,#4374
casting,#4369
"[operators, variable-assignment]",#4337
variable-assignment,#4337
"[unit-testing, mockito]",#4301
jsp,#4275
hashtable,#4271
"[hashmap, hashtable]",#4271
"[collections, hashmap, hashtable]",#4271
"[collections, hashtable]",#4271
memory-leaks,#4219
ide,#4215
interface,#4196
sorting,#4194
"[json, jackson]",#4191
stringbuilder,#4082
datetime,#4062
split,#4061
"[arrays, type-conversion]",#4056
"[arrays, arraylist, type-conversion]",#4056
"[arraylist, type-conversion]",#4056
tostring,#4055
"[integer, random]",#4051
"[junit, unit-testing, tdd]",#4048
"[unit-testing, tdd]",#4048
"[junit, tdd]",#4048
tdd,#4048
linked-list,#4041
"[spring, spring-mvc]",#4011
executable-jar,#3979
usermanager,#3977
"[hibernate, jpa]",#3916
"[dictionary, iteration]",#3915
"[collections, dictionary, iteration]",#3915
orm,#3914
"[loops, for-loop]",#3897
serialization,#3836
"[string, random]",#3833
"[operators, casting]",#3830
assignment-operator,#3830
"[operators, casting, variable-assignment]",#3830
"[casting, variable-assignment]",#3830
passwords,#3810
security,#3810
"[loops, hashmap]",#3738
"[loops, hashmap, iteration]",#3738
"[hashmap, iteration]",#3738
program-entry-point,#3719
jar,#3695
"[memory, memory-leaks]",#3693
java-threads,#3679
protected,#3624
access-modifiers,#3624
public,#3624
"[string, split]",#3605
text-files,#3599
"[collections, linked-list]",#3572
"[arraylist, linked-list]",#3572
"[collections, arraylist, linked-list]",#3572
stack-trace,#3567
build,#3492
parameters,#3476
"[string, type-conversion, integer]",#3462
"[type-conversion, integer]",#3462
"[string, integer]",#3462
android-networking,#3409
formatting,#3403
serialversionuid,#3385
"[collections, arrays]",#3375
"[arraylist, initialization]",#3275
"[collections, arraylist, initialization]",#3275
concatenation,#3238
junit4,#3234
concurrency,#3223
error-handling,#3214
terminology,#3188
static-classes,#3179
implements,#3150
dependency-injection,#3094
"[io, file]",#3091
"[android, kotlin]",#3072
abstract-class,#3056
class,#3020
javadoc,#3003
javabeans,#2982
"[performance, for-loop]",#2968
"[performance, loops, for-loop]",#2968
system.out,#2968
"[performance, loops]",#2968
"[android, eclipse]",#2955
"[unit-testing, mockito, mocking]",#2950
"[unit-testing, mocking]",#2950
httpurlconnection,#2933
http,#2932
"[collections, sorting]",#2923
runnable,#2903
jakarta-ee,#2887
"[string, arrays]",#2870
static-methods,#2854
build-automation,#2843
servlets,#2840
inheritance,#2839
autowired,#2813
"[collections, dictionary, initialization]",#2788
"[dictionary, initialization]",#2788
time,#2771
android-recyclerview,#2768
"[collections, list]",#2720
assert,#2704
networkonmainthread,#2695
try-catch-finally,#2665
return,#2665
dependency-management,#2664
design-patterns,#2634
rounding,#2624
lambda,#2612
gradle,#2569
"[file-io, file]",#2544
"[spring, annotations, spring-mvc]",#2514
"[annotations, spring-mvc]",#2514
overriding,#2496
java-9,#2494
installation,#2481
dependencies,#2460
keyword,#2453
getter,#2438
object,#2427
"[eclipse, ide]",#2417
unsupported-class-version,#2390
foreach,#2375
printing,#2367
"[arrays, tostring]",#2367
"[arraylist, list]",#2355
parsing,#2317
inversion-of-control,#2308
serializable,#2308
"[junit, exception]",#2258
final,#2237
memory-management,#2230
hashcode,#2223
field,#2185
"[java-8, datetime]",#2171
android-intent,#2141
httprequest,#2113
urlconnection,#2113
java-time,#2110
java-native-interface,#2107
optimization,#2101
hashset,#2097
default-parameters,#2077
overloading,#2077
"[maven, maven-2]",#2074
spring-boot,#2066
inner-classes,#2049
nested-loops,#2046
mvn-repo,#2039
download,#2034
out-of-memory,#2026
heap-memory,#2016
