MadProgrammer,24
Reilas,23
Stephen C,18
user16320675,14
Basil Bourque,14
Community,13
Jim Garrison,13
Alexb1999,9
Abra,9
g00se,9
user207421,8
Ravi Singh Shekhawat,7
Farhood Naqizadeh,7
SRVittal,7
Holger,7
andrewJames,7
aled,7
John Williams,7
ItzBaturalp Plays,6
Morilla Thaisa,6
rzwitserloot,6
Ole V.V.,6
Yogesh,6
Hariharan,6
Rakesh,6
mPierce,6
miyav miyav,6
Kurtiss,6
freedev,6
ylmzzsy,6
techie11,6
WJS,6
Joop Eggen,5
Navin Kumar,5
Fazla Elahi Md Jubayer,5
Mureinik,5
John B,5
Chen Li,5
DuncG,5
Locoz,5
Alejandro Gonzalez,5
Vedant Dixit,5
Shog9,5
deokyong song,5
ControlAltDel,5
NickyPatel,5
Ozakriid,5
shanu,5
Lucas Hyou,5
aug,5
typeracer,5
KJaeg,5
newbie5050,5
ch4mp,5
Slaw,5
camickr,5
Oliver Hausler,5
Raghunandan,5
Mark Rotteveel,5
blackapps,5
George Lords of Castle,5
Gili,5
codenicks,5
Alex,5
Doug Wilson,5
Comencau,5
weston,5
Mar-Z,5